"election_id","enp","largest_party_share","election_date","country","gov_start","election_date_cab","days_to_form","log_days","year"
3,4.56173135281904,0.36094674556213,2005-09-12,"NOR",2005-10-17,2005-09-12,35,3.58351893845611,2005
5,3.72307692307692,0.363636363636364,2009-06-07,"PRT",NA,NA,NA,NA,2009
6,2.37828447339848,0.567567567567568,1977-06-16,"IRL",1977-07-05,1977-06-16,19,2.99573227355399,1977
13,3.47244094488189,0.380952380952381,1995-01-01,"AUT",NA,NA,NA,NA,1995
14,3.14070351758794,0.4,1994-06-12,"PRT",NA,NA,NA,NA,1994
15,5.15065670873036,0.255,1999-03-21,"FIN",1999-04-15,1999-03-21,25,3.25809653802148,1999
16,3.47244094488189,0.333333333333333,1999-06-13,"AUT",NA,NA,NA,NA,1999
17,4.07436302790153,0.371428571428571,1987-06-14,"ITA",1987-07-28,1987-06-14,44,3.80666248977032,1987
18,3.95680258377069,0.404040404040404,2004-06-13,"DEU",NA,NA,NA,NA,2004
22,3.58536585365854,0.333333333333333,1996-10-13,"AUT",NA,NA,NA,NA,1996
23,3.10945273631841,0.4,1979-06-10,"NLD",NA,NA,NA,NA,1979
24,4.8971596474045,0.315,1995-03-19,"FIN",1995-04-13,1995-03-19,25,3.25809653802148,1995
33,4.2937568301195,0.375358166189112,1998-09-20,"SWE",1998-10-07,1998-09-20,17,2.89037175789616,1998
34,3.16901408450704,0.466666666666667,1994-06-12,"IRL",NA,NA,NA,NA,1994
36,4.18229715489989,0.317460317460317,2009-04-25,"ISL",2009-04-25,2009-04-25,0,0,2009
38,2.203182374541,0.6,1986-01-01,"ESP",NA,NA,NA,NA,1986
42,2.89420214525351,0.474285714285714,1977-06-15,"ESP",1977-07-04,1977-06-15,19,2.99573227355399,1977
43,2.89210747271201,0.487951807228916,1987-02-17,"IRL",1987-03-10,1987-02-17,21,3.09104245335832,1987
44,3.00734214390602,0.4375,1994-06-12,"ESP",NA,NA,NA,NA,1994
45,3.4468085106383,0.388888888888889,2004-06-13,"AUT",NA,NA,NA,NA,2004
46,3.94736842105263,0.4,1989-06-18,"IRL",NA,NA,NA,NA,1989
47,2.61045850701023,0.469879518072289,1981-06-11,"IRL",1981-06-30,1981-06-11,19,2.99573227355399,1981
48,3.39571775070395,0.455587392550143,1985-09-15,"SWE",1985-09-15,1985-09-15,0,0,1985
51,6.42123287671233,0.286666666666667,1972-11-29,"NLD",1973-05-11,1972-11-29,163,5.0998664278242,1972
54,3.1025641025641,0.5,1995-01-01,"SWE",NA,NA,NA,NA,1995
55,4.65384615384615,0.318181818181818,1995-09-17,"SWE",NA,NA,NA,NA,1995
58,4.34841628959276,0.32258064516129,1994-06-12,"NLD",NA,NA,NA,NA,1994
62,3.49053676698728,0.36,1986-05-21,"NLD",1986-07-14,1986-05-21,54,4.00733318523247,1986
64,7.27708380649557,0.256983240223464,1973-12-04,"DNK",1973-12-19,1973-12-04,15,2.77258872223978,1973
65,3.57149284621614,0.422222222222222,1972-05-07,"ITA",1972-07-26,1972-05-07,80,4.39444915467244,1972
66,3.7280418568407,0.355191256830601,1994-10-09,"AUT",1994-11-29,1994-10-09,51,3.95124371858143,1994
74,5.79299691040165,0.286666666666667,2002-05-15,"NLD",2002-07-22,2002-05-15,68,4.23410650459726,2002
77,5.57413600891862,0.26,1970-03-16,"FIN",1970-07-15,1970-03-16,121,4.80402104473326,1970
81,4.28898208158597,0.32,1981-05-26,"NLD",1981-09-11,1981-05-26,108,4.69134788222914,1981
82,3.94925373134328,0.396825396825397,1995-04-08,"ISL",1995-04-13,1995-04-08,5,1.79175946922805,1995
84,5.22056904202558,0.26,1979-03-19,"FIN",1979-05-26,1979-03-19,68,4.23410650459726,1979
85,2.32854318734793,0.577142857142857,1982-10-28,"ESP",1982-12-02,1982-10-28,35,3.58351893845611,1982
87,3,0.416666666666667,1984-06-17,"GRC",NA,NA,NA,NA,1984
89,4.7418972916975,0.346368715083799,1994-09-21,"DNK",1994-09-27,1994-09-21,6,1.94591014905531,1994
90,2.23546315077755,0.58695652173913,1991-10-06,"PRT",1991-10-31,1991-10-06,25,3.25809653802148,1991
93,4.83447879439182,0.311897106109325,2009-09-27,"DEU",2009-10-28,2009-09-27,31,3.46573590279973,2009
95,2.78885437685628,0.463709677419355,1972-11-19,"DEU",1972-12-15,1972-11-19,26,3.29583686600433,1972
98,5.3248136315229,0.27,1975-09-22,"FIN",1975-11-30,1975-09-22,69,4.24849524204936,1975
99,2.72428056753992,0.445714285714286,1996-03-03,"ESP",1996-05-05,1996-03-03,63,4.15888308335967,1996
100,3.19353981124551,0.419354838709677,1981-09-14,"NOR",1981-10-14,1981-09-14,30,3.43398720448515,1981
104,5.91803278688525,0.263157894736842,2004-06-13,"SWE",NA,NA,NA,NA,2004
106,4.2609762748841,0.352,1985-10-06,"PRT",1985-10-31,1985-10-06,25,3.25809653802148,1985
107,5.07648623759337,0.349206349206349,2006-04-09,"ITA",2006-05-17,2006-04-09,38,3.66356164612965,2006
111,3.07502789140945,0.438095238095238,2008-04-13,"ITA",2008-05-08,2008-04-13,25,3.25809653802148,2008
114,4.06320541760722,0.383333333333333,1983-04-23,"ISL",1983-05-26,1983-04-23,33,3.52636052461616,1983
116,4.01498929336188,0.313333333333333,1982-09-08,"NLD",1982-11-04,1982-09-08,57,4.06044301054642,1982
118,4.05206474773748,0.361563517915309,2005-09-18,"DEU",2005-11-22,2005-09-18,65,4.18965474202643,2005
123,3.75555555555556,0.384615384615385,2004-06-13,"IRL",NA,NA,NA,NA,2004
125,6.39567936327459,0.26,1971-04-28,"NLD",1971-06-07,1971-04-28,40,3.71357206670431,1971
128,5.33333333333333,0.25,1984-06-17,"DNK",NA,NA,NA,NA,1984
133,5.18806744487678,0.285,1983-03-21,"FIN",1983-05-06,1983-03-21,46,3.85014760171006,1983
134,7.35294117647059,0.2,2009-06-04,"NLD",NA,NA,NA,NA,2009
140,2.50434782608696,0.5,2004-06-13,"PRT",NA,NA,NA,NA,2004
146,7.54562737642585,0.185714285714286,1994-03-27,"ITA",1994-05-11,1994-03-27,45,3.8286413964891,1994
147,3.27272727272727,0.416666666666667,1981-10-18,"GRC",NA,NA,NA,NA,1981
156,4.22524022617685,0.412607449856734,2002-09-15,"SWE",2002-10-21,2002-09-15,36,3.61091791264422,2002
157,4.56359492949722,0.385474860335196,1990-12-12,"DNK",1990-12-18,1990-12-12,6,1.94591014905531,1990
162,3.48589570105132,0.387978142076503,1995-12-17,"AUT",1996-03-12,1995-12-17,86,4.46590811865458,1995
163,2.85315334121959,0.431451612903226,1976-10-03,"DEU",1976-12-15,1976-10-03,73,4.30406509320417,1976
164,2.49724793085171,0.468571428571429,2004-03-14,"ESP",2004-04-17,2004-03-14,34,3.55534806148941,2004
168,4.9,0.357142857142857,2004-06-13,"DNK",NA,NA,NA,NA,2004
174,5.57719756309835,0.256983240223464,2007-11-13,"DNK",2007-11-23,2007-11-13,10,2.39789527279837,2007
175,3.12879858203396,0.475644699140401,1982-09-19,"SWE",1982-10-07,1982-09-19,18,2.94443897916644,1982
177,5.25136612021858,0.290322580645161,1999-06-13,"NLD",NA,NA,NA,NA,1999
178,3.71281571562208,0.349206349206349,2003-05-10,"ISL",2003-05-23,2003-05-10,13,2.63905732961526,2003
179,5.7042905465551,0.329608938547486,1981-12-08,"DNK",1981-12-30,1981-12-08,22,3.13549421592915,1981
181,5.82758620689655,0.230769230769231,2009-06-07,"FIN",NA,NA,NA,NA,2009
185,2.21064096640042,0.508196721311475,1971-10-10,"AUT",1971-11-04,1971-10-10,25,3.25809653802148,1971
190,3.00632773292603,0.469879518072289,2007-05-24,"IRL",2007-06-14,2007-05-24,21,3.09104245335832,2007
193,4.26666666666667,0.3125,1995-01-01,"FIN",NA,NA,NA,NA,1995
197,3.37897285844012,0.371584699453552,2006-10-01,"AUT",2007-01-11,2006-10-01,102,4.63472898822964,2006
198,4.45454545454546,0.285714285714286,2004-06-13,"FIN",NA,NA,NA,NA,2004
200,3.43389763193169,0.406844106463878,1976-04-25,"PRT",1976-07-23,1976-04-25,89,4.49980967033027,1976
201,2.18489026995533,0.553333333333333,2004-03-07,"GRC",2004-03-10,2004-03-07,3,1.38629436111989,2004
205,2.40410300245753,0.483333333333333,1989-06-18,"GRC",1989-07-02,1989-06-18,14,2.70805020110221,1989
207,3.08846009272021,0.452229299363057,1985-09-08,"NOR",1985-09-08,1985-09-08,0,0,1985
210,2.56522160799147,0.526086956521739,2005-02-20,"PRT",2005-03-12,2005-02-20,20,3.04452243772342,2005
215,3.35120643431635,0.445714285714286,1973-09-16,"SWE",1973-09-16,1973-09-16,0,0,1973
216,2.55728512037127,0.48695652173913,1995-10-01,"PRT",1995-10-28,1995-10-01,27,3.3322045101752,1995
221,2.21064096640042,0.508196721311475,1975-10-05,"AUT",1975-10-28,1975-10-05,23,3.17805383034795,1975
225,3.85438972162741,0.366666666666667,1971-06-13,"ISL",1971-07-14,1971-06-13,31,3.46573590279973,1971
226,5.55399549315306,0.301675977653631,1987-09-08,"DNK",1987-09-10,1987-09-08,2,1.09861228866811,1987
227,2.09409465307832,0.573333333333333,1981-10-18,"GRC",1981-10-21,1981-10-18,3,1.38629436111989,1981
228,2.55621521335807,0.487951807228916,1982-02-18,"IRL",1982-03-09,1982-02-18,19,2.99573227355399,1982
231,4.55225267069206,0.343434343434343,2009-06-07,"DEU",NA,NA,NA,NA,2009
232,4.18840579710145,0.352941176470588,2009-06-07,"AUT",NA,NA,NA,NA,2009
235,2.63340410474168,0.437158469945355,1986-11-23,"AUT",1987-01-21,1986-11-23,59,4.0943445622221,1986
242,5.04503227838136,0.379888268156425,1979-10-23,"DNK",1979-10-26,1979-10-23,3,1.38629436111989,1979
245,2.08695652173913,0.625,1981-01-01,"GRC",NA,NA,NA,NA,1981
247,2.94811320754717,0.464,1975-04-25,"PRT",NA,NA,NA,NA,1975
248,4.18172086176904,0.3,1979-12-02,"PRT",1980-01-03,1979-12-02,32,3.49650756146648,1979
252,2.67327164804469,0.454285714285714,1993-06-06,"ESP",1993-07-09,1993-06-06,33,3.52636052461616,1993
253,4.9297510475721,0.275,2003-03-16,"FIN",2003-04-17,2003-03-16,32,3.49650756146648,2003
254,2.68146396988005,0.525714285714286,1986-06-22,"ESP",1986-07-25,1986-06-22,33,3.52636052461616,1986
258,3.31582936336076,0.465714285714286,1970-09-20,"SWE",1970-09-20,1970-09-20,0,0,1970
262,3.44703551719258,0.435530085959885,1976-09-19,"SWE",1976-10-07,1976-09-19,18,2.94443897916644,1976
264,3.50724637681159,0.363636363636364,2009-06-07,"GRC",NA,NA,NA,NA,2009
265,3.62465753424658,0.396825396825397,2007-05-12,"ISL",2007-05-24,2007-05-12,12,2.56494935746154,2007
271,6.09523809523809,0.25,1979-06-10,"DNK",NA,NA,NA,NA,1979
274,3.77640342530923,0.412698412698413,1991-04-20,"ISL",1991-04-30,1991-04-20,10,2.39789527279837,1991
275,3.84615384615385,0.333333333333333,1978-06-25,"ISL",1978-09-01,1978-06-25,68,4.23410650459726,1978
280,4.82072005878031,0.320987654320988,1989-06-18,"ITA",NA,NA,NA,NA,1989
281,4.22582826233942,0.328,1980-10-05,"PRT",1980-10-05,1980-10-05,0,0,1980
283,2.57846306888834,0.479166666666667,1973-02-28,"IRL",1973-03-14,1973-02-28,14,2.70805020110221,1973
284,2.36767336630538,0.5,1990-04-08,"GRC",1990-04-11,1990-04-08,3,1.38629436111989,1990
285,4.06678057810053,0.378698224852071,2009-09-14,"NOR",2009-10-20,2009-09-14,36,3.61091791264422,2009
289,2.85268501699967,0.5,1989-10-29,"ESP",1989-12-05,1989-10-29,37,3.63758615972639,1989
296,3.74700171330668,0.382716049382716,1989-06-18,"DEU",NA,NA,NA,NA,1989
304,5.58620689655172,0.277777777777778,2009-06-07,"SWE",NA,NA,NA,NA,2009
307,2.55289975912544,0.451807228915663,1982-11-24,"IRL",1982-12-14,1982-11-24,20,3.04452243772342,1982
308,5.12,0.25,1989-06-18,"DNK",NA,NA,NA,NA,1989
309,4.82857142857143,0.307692307692308,2009-06-07,"DNK",NA,NA,NA,NA,2009
314,5.13083632632119,0.255,2007-03-18,"FIN",2007-04-19,2007-03-18,32,3.49650756146648,2007
316,2.99261511728931,0.463855421686747,1997-06-06,"IRL",1997-06-26,1997-06-06,20,3.04452243772342,1997
317,3.46987951807229,0.416666666666667,1986-01-01,"PRT",NA,NA,NA,NA,1986
325,2.99302886763786,0.437158469945355,1990-10-07,"AUT",1990-12-17,1990-10-07,71,4.27666611901606,1990
326,6.00237906423473,0.310344827586207,1994-06-12,"ITA",NA,NA,NA,NA,1994
328,5.35187733438176,0.260606060606061,2001-09-10,"NOR",2001-10-19,2001-09-10,39,3.68887945411394,2001
329,6.0597609561753,0.307692307692308,2004-06-12,"ITA",NA,NA,NA,NA,2004
334,5.33333333333333,0.25,1999-06-13,"FIN",NA,NA,NA,NA,1999
335,4.74483340362716,0.293333333333333,2003-01-22,"NLD",2003-05-27,2003-01-22,125,4.83628190695148,2003
341,3.57142857142857,0.36,1984-06-17,"NLD",NA,NA,NA,NA,1984
344,2.22772277227723,0.533333333333333,1984-06-17,"IRL",NA,NA,NA,NA,1984
352,2.61311993677139,0.5,1999-10-10,"PRT",1999-10-25,1999-10-10,15,2.77258872223978,1999
353,4.21929260450161,0.358024691358025,1979-06-10,"ITA",NA,NA,NA,NA,1979
359,3.49695431472081,0.409638554216867,1992-11-25,"IRL",1993-01-12,1992-11-25,48,3.89182029811063,1992
361,2.66598943518895,0.432098765432099,1979-06-10,"DEU",NA,NA,NA,NA,1979
363,7.87617065556712,0.252873563218391,1999-06-13,"ITA",NA,NA,NA,NA,1999
365,2.88325441239776,0.431693989071038,2002-11-24,"AUT",2003-02-28,2002-11-24,96,4.57471097850338,2002
368,2.4099173553719,0.462962962962963,2004-06-13,"ESP",NA,NA,NA,NA,2004
369,4,0.333333333333333,2009-06-05,"IRL",NA,NA,NA,NA,2009
372,4.81386392811296,0.3,1998-05-06,"NLD",1998-08-03,1998-05-06,89,4.49980967033027,1998
374,5.5,0.272727272727273,1999-06-13,"SWE",NA,NA,NA,NA,1999
377,2.14691270404542,0.490909090909091,1970-03-01,"AUT",1970-04-21,1970-03-01,51,3.95124371858143,1970
385,3.37603409375783,0.416252072968491,2002-09-22,"DEU",2002-10-22,2002-09-22,30,3.43398720448515,2002
387,5.55592162302757,0.307262569832402,1988-05-10,"DNK",1988-06-03,1988-05-10,24,3.2188758248682,1988
389,4.92862636517459,0.35195530726257,1998-03-11,"DNK",1998-03-11,1998-03-11,0,0,1998
399,2.35540434441246,0.54,1996-09-22,"GRC",1996-09-24,1996-09-22,2,1.09861228866811,1996
400,4.11045542014112,0.391061452513966,1971-09-21,"DNK",1971-10-11,1971-09-21,20,3.04452243772342,1971
404,4.0411162238385,0.406060606060606,1993-09-13,"NOR",1993-09-13,1993-09-13,0,0,1993
405,3.13165995737627,0.421739130434783,2009-09-27,"PRT",2009-10-26,2009-09-27,29,3.40119738166216,2009
408,3.34661161039592,0.487951807228916,2002-05-17,"IRL",2002-06-06,2002-05-17,20,3.04452243772342,2002
409,5.41690617075232,0.363128491620112,1977-02-15,"DNK",1977-02-15,1977-02-15,0,0,1977
412,3.50415719669726,0.461318051575931,1994-09-18,"SWE",1994-10-06,1994-09-18,18,2.94443897916644,1994
414,3.8135593220339,0.333333333333333,1979-06-10,"IRL",NA,NA,NA,NA,1979
417,3.13832853025937,0.434343434343434,1999-06-13,"DEU",NA,NA,NA,NA,1999
428,3.66506183612674,0.446991404011461,1988-09-18,"SWE",1988-09-18,1988-09-18,0,0,1988
434,5.81818181818182,0.25,1994-06-12,"DNK",NA,NA,NA,NA,1994
436,3.78151260504202,0.35,1979-12-03,"ISL",1980-02-08,1979-12-03,67,4.21950770517611,1979
445,3.17246271898074,0.404833836858006,1990-12-02,"DEU",1991-01-18,1990-12-02,47,3.87120101090789,1990
448,2.55102040816327,0.46,2009-06-07,"ESP",NA,NA,NA,NA,2009
452,2.22149253731343,0.519125683060109,1979-05-06,"AUT",1979-06-05,1979-05-06,30,3.43398720448515,1979
453,2.14582041867341,0.536666666666667,1985-06-02,"GRC",1985-06-05,1985-06-02,3,1.38629436111989,1985
456,2.26200607902736,0.491803278688525,1983-04-24,"AUT",1983-05-24,1983-04-24,30,3.43398720448515,1983
458,4.21387283236994,0.333333333333333,1984-06-17,"ITA",NA,NA,NA,NA,1984
464,5.64997354963851,0.29608938547486,1975-01-09,"DNK",1975-02-13,1975-01-09,35,3.58351893845611,1975
466,2.62482501166589,0.506666666666667,2007-09-16,"GRC",2007-10-01,2007-09-16,15,2.77258872223978,2007
472,4.19266118205914,0.39541547277937,1991-09-15,"SWE",1991-10-03,1991-09-15,18,2.94443897916644,1991
473,3.48152065170787,0.441260744985673,1979-09-16,"SWE",1979-10-11,1979-09-16,25,3.25809653802148,1979
474,3.57142857142857,0.45,1989-06-18,"ESP",NA,NA,NA,NA,1989
475,2.20880577234575,0.526666666666667,2000-04-09,"GRC",2000-04-13,2000-04-09,4,1.6094379124341,2000
480,2.37119660065255,0.592,1987-07-19,"PRT",1987-08-17,1987-07-19,29,3.40119738166216,1987
482,3.49162011173184,0.36,1999-06-13,"GRC",NA,NA,NA,NA,1999
484,3.16234826073651,0.387550200803213,1983-03-06,"DEU",1983-03-30,1983-03-06,24,3.2188758248682,1983
491,3.8135593220339,0.4,1999-06-13,"IRL",NA,NA,NA,NA,1999
492,3.4071624783803,0.355191256830601,1999-10-03,"AUT",2000-02-04,1999-10-03,124,4.8283137373023,1999
493,2.80770112308045,0.48,1979-03-01,"ESP",1979-04-05,1979-03-01,35,3.58351893845611,1979
498,5.23200632744529,0.307936507936508,2001-05-13,"ITA",2001-06-11,2001-05-13,29,3.40119738166216,2001
499,2.96861485234153,0.490322580645161,1977-09-11,"NOR",1977-09-11,1977-09-11,0,0,1977
500,2.33618124952323,0.482857142857143,2008-03-09,"ESP",2008-04-12,2008-03-09,34,3.55534806148941,2008
502,3.15978027227132,0.415873015873016,1976-06-20,"ITA",1976-07-29,1976-06-20,39,3.68887945411394,1976
504,3.51219512195122,0.375,1989-06-18,"PRT",NA,NA,NA,NA,1989
508,2.32354004234006,0.493333333333333,1989-11-05,"GRC",NA,NA,NA,NA,1989
512,4.53719500838145,0.320916905444126,2010-09-19,"SWE",2010-09-19,2010-09-19,0,0,2010
518,2.90909090909091,0.416666666666667,1989-06-18,"GRC",NA,NA,NA,NA,1989
519,5.56488549618321,0.259259259259259,2004-06-13,"NLD",NA,NA,NA,NA,2004
523,4.1400999483026,0.4,1973-09-09,"NOR",1973-10-16,1973-09-09,37,3.63758615972639,1973
527,4.9480455220188,0.28,1987-03-16,"FIN",1987-04-30,1987-03-16,45,3.8286413964891,1987
530,6.74460431654676,0.206666666666667,2010-06-09,"NLD",2010-10-14,2010-06-09,127,4.85203026391962,2010
535,3.55555555555556,0.416666666666667,1987-07-19,"PRT",NA,NA,NA,NA,1987
540,2.94412736557525,0.404040404040404,1994-06-12,"DEU",NA,NA,NA,NA,1994
547,2.9648314188662,0.438631790744467,1980-10-05,"DEU",1980-11-05,1980-10-05,31,3.46573590279973,1980
549,3.60500695410292,0.402777777777778,2009-06-07,"ITA",NA,NA,NA,NA,2009
551,6.0889175257732,0.271428571428571,1996-04-21,"ITA",1996-05-18,1996-04-21,27,3.3322045101752,1996
557,3.1523642732049,0.466666666666667,1987-06-10,"ESP",NA,NA,NA,NA,1987
563,5.11591888871148,0.290502793296089,2005-02-08,"DNK",2005-02-18,2005-02-08,10,2.39789527279837,2005
570,5.41646605681271,0.246666666666667,1994-05-03,"NLD",1994-08-22,1994-05-03,111,4.71849887129509,1994
571,4.23471768548763,0.381818181818182,1989-09-11,"NOR",1989-10-16,1989-09-11,35,3.58351893845611,1989
578,5.53914327917282,0.273333333333333,2006-11-22,"NLD",2007-02-22,2006-11-22,92,4.53259949315326,2006
585,3.05671641791045,0.421875,1999-06-13,"ESP",NA,NA,NA,NA,1999
587,3.49162011173184,0.4,1989-06-18,"NLD",NA,NA,NA,NA,1989
588,3.47151912076792,0.374245472837022,1987-01-25,"DEU",1987-03-11,1987-01-25,45,3.8286413964891,1987
590,2.96875673346262,0.463855421686747,1989-06-15,"IRL",1989-07-12,1989-06-15,27,3.3322045101752,1989
592,3.45430809399478,0.412698412698413,1999-05-08,"ISL",1999-05-28,1999-05-08,20,3.04452243772342,1999
595,3.445890881343,0.375,1994-10-16,"DEU",1994-11-17,1994-10-16,32,3.49650756146648,1994
596,2.34999216669278,0.57,1977-11-20,"GRC",1977-11-28,1977-11-20,8,2.19722457733622,1977
597,5.27076821845698,0.312849162011173,1984-01-10,"DNK",1984-01-10,1984-01-10,0,0,1984
598,3.40859511343805,0.404,1983-04-25,"PRT",1983-06-09,1983-04-25,45,3.8286413964891,1983
602,5.24521374246001,0.275,1991-03-17,"FIN",1991-04-26,1991-03-17,40,3.71357206670431,1991
604,3.45418784376523,0.415873015873016,1979-06-03,"ITA",1979-08-04,1979-06-03,62,4.14313472639153,1979
605,5.71161318175277,0.326984126984127,1992-04-05,"ITA",1992-06-28,1992-04-05,84,4.44265125649032,1992
607,4.26774563527463,0.311475409836066,2008-09-28,"AUT",2008-12-02,2008-09-28,65,4.18965474202643,2008
610,2.80025608194622,0.419753086419753,1984-06-17,"DEU",NA,NA,NA,NA,1984
613,3.23834196891192,0.4,1994-06-12,"GRC",NA,NA,NA,NA,1994
617,4.0200546946217,0.357142857142857,1983-06-26,"ITA",1983-08-04,1983-06-26,39,3.68887945411394,1983
619,2.6824034334764,0.48,1999-06-13,"PRT",NA,NA,NA,NA,1999
627,3.75250166777852,0.36,1989-09-06,"NLD",1989-11-07,1989-09-06,62,4.14313472639153,1989
629,4.14924203713166,0.372492836676218,2006-09-17,"SWE",2006-10-05,2006-09-17,18,2.94443897916644,2006
632,4.68367197778103,0.312849162011173,2001-11-20,"DNK",2001-11-27,2001-11-20,7,2.07944154167984,2001
635,3.69822485207101,0.353333333333333,1977-05-25,"NLD",1977-12-19,1977-05-25,208,5.34233425196481,1977
636,5.52028705492686,0.275,1972-01-03,"FIN",1972-02-23,1972-01-03,51,3.95124371858143,1972
637,3.38345864661654,0.416666666666667,1974-06-30,"ISL",1974-08-28,1974-06-30,59,4.0943445622221,1974
651,2.59246456965088,0.533333333333333,2009-10-04,"GRC",2009-10-06,2009-10-04,2,1.09861228866811,2009
652,4.74074074074074,0.25,1996-10-20,"FIN",NA,NA,NA,NA,1996
653,1.72387373582593,0.733333333333333,1974-11-17,"GRC",1974-11-21,1974-11-17,4,1.6094379124341,1974
654,2.17380802859765,0.566666666666667,1993-10-10,"GRC",1993-10-13,1993-10-10,3,1.38629436111989,1993
657,2.57420924574209,0.456521739130435,2002-03-17,"PRT",2002-04-06,2002-03-17,20,3.04452243772342,2002
668,5.33333333333333,0.3125,1999-06-13,"DNK",NA,NA,NA,NA,1999
669,4.36088419029313,0.393939393939394,1997-09-16,"NOR",1997-10-17,1997-09-16,31,3.46573590279973,1997
672,2.93877551020408,0.458333333333333,2004-06-13,"GRC",NA,NA,NA,NA,2004
673,5.34185733512786,0.285714285714286,1987-04-25,"ISL",1987-07-08,1987-04-25,74,4.31748811353631,1987
679,3.30130337609076,0.445440956651719,1998-09-27,"DEU",1998-10-27,1998-09-27,30,3.43398720448515,1998
687,2.47564771027848,0.522857142857143,2000-03-12,"ESP",2000-04-26,2000-03-12,45,3.8286413964891,2000
698,3.46790838157564,0.457831325301205,2011-02-25,"IRL",2011-03-09,2011-02-25,12,2.56494935746154,2011
700,5.83090379008746,0.22,2011-04-17,"FIN",2011-06-22,2011-04-17,66,4.20469261939097,2011
702,2.93302284320248,0.469565217391304,2011-06-05,"PRT",2011-06-15,2011-06-05,10,2.39789527279837,2011
722,5.86080117066033,0.262569832402235,2011-09-15,"DNK",2011-10-02,2011-09-15,17,2.89037175789616,2011
777,2.59566894096707,0.531428571428571,2011-11-20,"ESP",2011-12-21,2011-11-20,31,3.46573590279973,2011
783,4.8345509239364,0.36,2012-05-06,"GRC",NA,NA,NA,NA,2012
784,3.76128385155466,0.43,2012-06-17,"GRC",2012-06-20,2012-06-17,3,1.38629436111989,2012
785,5.70197668525089,0.273333333333333,2012-09-12,"NLD",2012-11-05,2012-09-12,54,4.00733318523247,2012
789,3.50866336633663,0.471428571428571,2013-02-25,"ITA",2013-04-27,2013-02-25,61,4.12713438504509,2013
798,4.4247491638796,0.301587301587302,2013-04-27,"ISL",2013-05-23,2013-04-27,26,3.29583686600433,2013
800,3.5087992949989,0.404120443740095,2013-09-22,"DEU",2013-12-17,2013-09-22,86,4.46590811865458,2013
801,4.393324103984,0.325443786982249,2013-09-09,"NOR",2013-10-16,2013-09-09,37,3.63758615972639,2013
802,4.59319709230558,0.284153005464481,2013-09-29,"AUT",2013-12-16,2013-09-29,78,4.36944785246702,2013
818,4.26315789473684,0.277777777777778,2014-05-25,"AUT",NA,NA,NA,NA,2014
821,5.12121212121212,0.307692307692308,2014-05-25,"DNK",NA,NA,NA,NA,2014
823,5.82758620689655,0.230769230769231,2014-05-25,"FIN",NA,NA,NA,NA,2014
825,5.03056768558952,0.302083333333333,2014-05-25,"DEU",NA,NA,NA,NA,2014
826,5.31325301204819,0.285714285714286,2014-05-25,"GRC",NA,NA,NA,NA,2014
828,4.99327675972615,0.32378223495702,2014-09-14,"SWE",2014-10-02,2014-09-14,18,2.94443897916644,2014
833,4.17241379310345,0.363636363636364,2014-05-23,"IRL",NA,NA,NA,NA,2014
834,3.64251537935749,0.424657534246575,2014-05-25,"ITA",NA,NA,NA,NA,2014
838,3.47244094488189,0.380952380952381,2014-05-25,"PRT",NA,NA,NA,NA,2014
839,5.32116788321168,0.296296296296296,2014-05-25,"ESP",NA,NA,NA,NA,2014
843,6.45161290322581,0.25,2014-05-25,"SWE",NA,NA,NA,NA,2014
846,7.68181818181818,0.192307692307692,2014-05-25,"NLD",NA,NA,NA,NA,2014
851,3.09087162579848,0.496666666666667,2015-01-25,"GRC",2015-01-27,2015-01-25,2,1.09861228866811,2015
855,5.8428279287175,0.245,2015-04-19,"FIN",2015-05-29,2015-04-19,40,3.71357206670431,2015
976,6.00806300393775,0.262569832402235,2015-06-18,"DNK",2015-06-28,2015-06-18,10,2.39789527279837,2015
992,3.23857502698813,0.483333333333333,2015-09-20,"GRC",2015-09-21,2015-09-20,1,0.693147180559945,2015
993,2.71337710299549,0.465217391304348,2015-10-04,"PRT",2015-10-30,2015-10-04,26,3.29583686600433,2015
998,4.52965537642361,0.351428571428571,2015-12-20,"ESP",NA,NA,NA,NA,2015
1002,4.74600760456274,0.316455696202532,2016-02-26,"IRL",2016-05-06,2016-02-26,70,4.26267987704132,2016
1005,4.15705171711687,0.391428571428571,2016-06-26,"ESP",2016-10-29,2016-06-26,125,4.83628190695148,2016
1008,5.09499358151476,0.333333333333333,2016-10-29,"ISL",2017-01-10,2016-10-29,73,4.30406509320417,2016
1012,8.11688311688312,0.22,2017-03-15,"NLD",2017-10-26,2017-03-15,225,5.42053499927229,2017
1016,5.58466187465976,0.282087447108604,2017-09-24,"DEU",2018-03-14,2017-09-24,171,5.14749447681345,2017
1017,4.95248829547425,0.289940828402367,2017-09-11,"NOR",2017-09-11,2017-09-11,0,0,2017
1019,3.59594115752174,0.33879781420765,2017-10-15,"AUT",2017-12-18,2017-10-15,64,4.17438726989564,2017
1021,6.53871499176277,0.253968253968254,2017-10-28,"ISL",2017-11-30,2017-10-28,33,3.52636052461616,2017
1024,4.31948283742899,0.36031746031746,2018-03-04,"ITA",2018-06-01,2018-03-04,89,4.49980967033027,2018
1041,5.63137454343705,0.286532951289398,2018-09-09,"SWE",2019-01-18,2018-09-09,131,4.88280192258637,2018
1045,6.35930047694754,0.2,2019-04-14,"FIN",2019-06-06,2019-04-14,53,3.98898404656427,2019
1046,4.94150867285196,0.351428571428571,2019-04-28,"ESP",NA,NA,NA,NA,2019
1049,5.82758620689655,0.230769230769231,2019-05-26,"DNK",NA,NA,NA,NA,2019
1050,6.25925925925926,0.230769230769231,2019-05-26,"FIN",NA,NA,NA,NA,2019
1052,7.04166666666667,0.230769230769231,2019-05-23,"NLD",NA,NA,NA,NA,2019
1053,3.79828937990021,0.383561643835616,2019-05-26,"ITA",NA,NA,NA,NA,2019
1055,6.37344398340249,0.239583333333333,2019-05-26,"DEU",NA,NA,NA,NA,2019
1060,3.90265486725664,0.380952380952381,2019-05-26,"GRC",NA,NA,NA,NA,2019
1061,4.48148148148148,0.363636363636364,2019-05-24,"IRL",NA,NA,NA,NA,2019
1068,3.47244094488189,0.428571428571429,2019-05-26,"PRT",NA,NA,NA,NA,2019
1072,4.47239263803681,0.37037037037037,2019-05-26,"ESP",NA,NA,NA,NA,2019
1073,6.25,0.25,2019-05-26,"SWE",NA,NA,NA,NA,2019
1074,3.68181818181818,0.388888888888889,2019-05-26,"AUT",NA,NA,NA,NA,2019
1077,6.12053486150907,0.268156424581006,2019-06-05,"DNK",2019-06-27,2019-06-05,22,3.13549421592915,2019
1078,2.70676691729323,0.526666666666667,2019-07-07,"GRC",2019-07-08,2019-07-07,1,0.693147180559945,2019
1080,3.93849229683641,0.387978142076503,2019-09-29,"AUT",2020-01-07,2019-09-29,100,4.61512051684126,2019
1081,2.86658718976916,0.469565217391304,2019-10-06,"PRT",2019-10-26,2019-10-06,20,3.04452243772342,2019
1085,4.68093236530378,0.342857142857143,2019-11-10,"ESP",2020-01-07,2019-11-10,58,4.07753744390572,2019
1088,5.51486428263679,0.2375,2020-02-08,"IRL",2020-06-27,2020-02-08,140,4.94875989037817,2020
1096,5.50705542678216,0.279891304347826,2021-09-26,"DEU",2021-12-08,2021-09-26,73,4.30406509320417,2021
1097,8.53566009104704,0.226666666666667,2021-03-17,"NLD",2022-01-10,2021-03-17,299,5.7037824746562,2021
1104,5.55553394281268,0.284023668639053,2021-09-13,"NOR",2021-10-14,2021-09-13,31,3.46573590279973,2021
1105,6.29001584786054,0.253968253968254,2021-09-25,"ISL",2021-11-28,2021-09-25,64,4.17438726989564,2021
1109,2.66257298167908,0.521739130434783,2022-01-30,"PRT",2022-03-30,2022-01-30,59,4.0943445622221,2022
1112,5.18412428176208,0.306590257879656,2022-09-11,"SWE",2022-10-17,2022-09-11,36,3.61091791264422,2022
1113,5.64334085778781,0.295,2022-09-25,"ITA",2022-10-22,2022-09-25,27,3.3322045101752,2022
1116,7.56933616820222,0.279329608938547,2022-11-01,"DNK",2022-12-15,2022-11-01,44,3.80666248977032,2022
1119,5.55941626129256,0.24,2023-04-02,"FIN",2023-06-20,2023-04-02,79,4.38202663467388,2023
1122,3.10666206420435,0.486666666666667,2023-05-21,"GRC",NA,NA,NA,NA,2023
1123,3.09384668270883,0.526666666666667,2023-06-25,"GRC",2023-06-26,2023-06-25,1,0.693147180559945,2023
